id,kode_provinsi,nama_provinsi,bps_kode_kabupaten_kota,bps_nama_kabupaten_kota,bps_kode_kecamatan,bps_nama_kecamatan,bps_kode_desa_kelurahan,bps_nama_desa_kelurahan,kemendagri_kode_kecamatan,kemendagri_nama_kecamatan,kemendagri_kode_desa_kelurahan,kemendagri_nama_desa_kelurahan,jumlah_balita_stunting,satuan,tahun
1,32,JAWA BARAT,3202,"KABUPATEN
  SUKABUMI",3202010,CIEMAS,3202010001,CIBENDA,32.02.22,CIEMAS,32.02.22.2002,CIBENDA,6,ANAK,2023
2,32,JAWA BARAT,3202,KABUPATEN SUKABUMI,3202010,CIEMAS,3202010002,CIWARU,32.02.22,CIEMAS,32.02.22.2003,CIWARU,22,ANAK,2023
3,32,JAWA BARAT,3202,"KABUPATEN
  SUKABUMI",3202010,CIEMAS,3202010003,TAMANJAYA,32.02.22,CIEMAS,32.02.22.2006,TAMANJAYA,7,ANAK,2023
4,32,JAWA BARAT,3202,KABUPATEN SUKABUMI,3202010,CIEMAS,3202010004,MEKARJAYA,32.02.22,CIEMAS,32.02.22.2004,MEKARJAYA,3,ANAK,2023
5,32,JAWA BARAT,3202,"KABUPATEN
  SUKABUMI",3202010,CIEMAS,3202010005,CIEMAS,32.02.22,CIEMAS,32.02.22.2001,CIEMAS,7,ANAK,2023
6,32,JAWA BARAT,3202,KABUPATEN SUKABUMI,3202010,CIEMAS,3202010006,GIRIMUKTI,32.02.22,CIEMAS,32.02.22.2005,GIRIMUKTI,9,ANAK,2023
7,32,JAWA BARAT,3202,"KABUPATEN
  SUKABUMI",3202010,CIEMAS,3202010007,MANDRAJAYA,32.02.22,CIEMAS,32.02.22.2007,MANDRAJAYA,6,ANAK,2023
8,32,JAWA BARAT,3202,KABUPATEN SUKABUMI,3202010,CIEMAS,3202010008,MEKARSAKTI,32.02.22,CIEMAS,32.02.22.2009,MEKARSAKTI,5,ANAK,2023
9,32,JAWA BARAT,3202,"KABUPATEN
  SUKABUMI",3202010,CIEMAS,3202010009,SIDAMULYA,32.02.22,CIEMAS,32.02.22.2008,SIDAMULYA,2,ANAK,2023
10,32,JAWA BARAT,3202,KABUPATEN SUKABUMI,3202020,CIRACAP,3202020001,GUNUNGBATU,32.02.26,CIRACAP,32.02.26.2003,GUNUNGBATU,2,ANAK,2023
11,32,JAWA BARAT,3202,"KABUPATEN
  SUKABUMI",3202020,CIRACAP,3202020002,CIKANGKUNG,32.02.26,CIRACAP,32.02.26.2002,CIKANGKUNG,4,ANAK,2023
12,32,JAWA BARAT,3202,KABUPATEN SUKABUMI,3202020,CIRACAP,3202020003,PURWASEDAR,32.02.26,CIRACAP,32.02.26.2004,PURWASEDAR,10,ANAK,2023
13,32,JAWA BARAT,3202,"KABUPATEN
  SUKABUMI",3202020,CIRACAP,3202020004,CIRACAP,32.02.26,CIRACAP,32.02.26.2001,CIRACAP,5,ANAK,2023
14,32,JAWA BARAT,3202,KABUPATEN SUKABUMI,3202020,CIRACAP,3202020005,PASIRPANJANG,32.02.26,CIRACAP,32.02.26.2005,PASIRPANJANG,10,ANAK,2023
15,32,JAWA BARAT,3202,"KABUPATEN
  SUKABUMI",3202020,CIRACAP,3202020006,MEKARSARI,32.02.26,CIRACAP,32.02.26.2006,MEKARSARI,1,ANAK,2023
16,32,JAWA BARAT,3202,KABUPATEN SUKABUMI,3202020,CIRACAP,3202020007,PANGUMBAHAN,32.02.26,CIRACAP,32.02.26.2008,PANGUMBAHAN,2,ANAK,2023
17,32,JAWA BARAT,3202,"KABUPATEN
  SUKABUMI",3202020,CIRACAP,3202020008,UJUNG GENTENG,32.02.26,CIRACAP,32.02.26.2007,UJUNG GENTENG,-,ANAK,2023
18,32,JAWA BARAT,3202,KABUPATEN SUKABUMI,3202021,WALURAN,3202021001,CARINGIN NUNGGAL,32.02.20,WALURAN,32.02.20.2003,CARINGINNUNGGAL,5,ANAK,2023
19,32,JAWA BARAT,3202,"KABUPATEN
  SUKABUMI",3202021,WALURAN,3202021002,WALURAN,32.02.20,WALURAN,32.02.20.2001,WALURAN,14,ANAK,2023
20,32,JAWA BARAT,3202,KABUPATEN SUKABUMI,3202021,WALURAN,3202021003,SUKAMUKTI,32.02.20,WALURAN,32.02.20.2002,SUKAMUKTI,5,ANAK,2023
21,32,JAWA BARAT,3202,"KABUPATEN
  SUKABUMI",3202021,WALURAN,3202021004,MEKAR MUKTI,32.02.20,WALURAN,32.02.20.2004,MEKARMUKTI,4,ANAK,2023
22,32,JAWA BARAT,3202,KABUPATEN SUKABUMI,3202021,WALURAN,3202021005,WALURAN MANDIRI,32.02.20,WALURAN,32.02.20.2006,WALURAN MANDIRI,1,ANAK,2023
23,32,JAWA BARAT,3202,"KABUPATEN
  SUKABUMI",3202021,WALURAN,3202021006,MANGUNJAYA,32.02.20,WALURAN,32.02.20.2005,MANGUNJAYA,5,ANAK,2023
24,32,JAWA BARAT,3202,KABUPATEN SUKABUMI,3202030,SURADE,3202030001,PASIRIPIS,32.02.24,SURADE,32.02.24.2009,PASIRIPIS,26,ANAK,2023
25,32,JAWA BARAT,3202,"KABUPATEN
  SUKABUMI",3202030,SURADE,3202030002,BUNIWANGI,32.02.24,SURADE,32.02.24.2010,BUNIWANGI,16,ANAK,2023
26,32,JAWA BARAT,3202,KABUPATEN SUKABUMI,3202030,SURADE,3202030003,CIPEUNDEUY,32.02.24,SURADE,32.02.24.2008,CIPEUNDEUY,5,ANAK,2023
27,32,JAWA BARAT,3202,"KABUPATEN
  SUKABUMI",3202030,SURADE,3202030004,GUNUNG SUNGGING,32.02.24,SURADE,32.02.24.2007,GUNUNGSUNGGING,14,ANAK,2023
28,32,JAWA BARAT,3202,KABUPATEN SUKABUMI,3202030,SURADE,3202030011,CITANGLAR,32.02.24,SURADE,32.02.24.2002,CITANGLAR,36,ANAK,2023
29,32,JAWA BARAT,3202,"KABUPATEN
  SUKABUMI",3202030,SURADE,3202030012,JAGAMUKTI,32.02.24,SURADE,32.02.24.2001,JAGAMUKTI,19,ANAK,2023
30,32,JAWA BARAT,3202,KABUPATEN SUKABUMI,3202030,SURADE,3202030013,SURADE,32.02.24,SURADE,32.02.24.1013,SURADE,26,ANAK,2023
31,32,JAWA BARAT,3202,"KABUPATEN
  SUKABUMI",3202030,SURADE,3202030014,KADALEMAN,32.02.24,SURADE,32.02.24.2006,KADALEMAN,39,ANAK,2023
32,32,JAWA BARAT,3202,KABUPATEN SUKABUMI,3202030,SURADE,3202030015,WANASARI,32.02.24,SURADE,32.02.24.2003,WANASARI,32,ANAK,2023
33,32,JAWA BARAT,3202,"KABUPATEN
  SUKABUMI",3202030,SURADE,3202030016,SIRNASARI,32.02.24,SURADE,32.02.24.2005,SIRNASARI,27,ANAK,2023
34,32,JAWA BARAT,3202,KABUPATEN SUKABUMI,3202030,SURADE,3202030017,SUKATANI,32.02.24,SURADE,32.02.24.2011,SUKATANI,8,ANAK,2023
35,32,JAWA BARAT,3202,"KABUPATEN
  SUKABUMI",3202030,SURADE,3202030018,KADEMANGAN,32.02.24,SURADE,32.02.24.2012,KADEMANGAN,19,ANAK,2023
36,32,JAWA BARAT,3202,KABUPATEN SUKABUMI,3202031,CIBITUNG,3202031001,CIDAHU,32.02.25,CIBITUNG,32.02.25.2004,CIDAHU,1,ANAK,2023
37,32,JAWA BARAT,3202,"KABUPATEN
  SUKABUMI",3202031,CIBITUNG,3202031002,CIBITUNG,32.02.25,CIBITUNG,32.02.25.2003,CIBITUNG,1,ANAK,2023
38,32,JAWA BARAT,3202,KABUPATEN SUKABUMI,3202031,CIBITUNG,3202031003,BANYUWANGI,32.02.25,CIBITUNG,32.02.25.2006,BANYUWANGI,-,ANAK,2023
39,32,JAWA BARAT,3202,"KABUPATEN
  SUKABUMI",3202031,CIBITUNG,3202031004,CIBODAS,32.02.25,CIBITUNG,32.02.25.2005,CIBODAS,1,ANAK,2023
40,32,JAWA BARAT,3202,KABUPATEN SUKABUMI,3202031,CIBITUNG,3202031005,BANYUMURNI,32.02.25,CIBITUNG,32.02.25.2002,BANYUMURNI,-,ANAK,2023
41,32,JAWA BARAT,3202,"KABUPATEN
  SUKABUMI",3202031,CIBITUNG,3202031006,TALAGAMURNI,32.02.25,CIBITUNG,32.02.25.2001,TALAGAMURNI,-,ANAK,2023
42,32,JAWA BARAT,3202,KABUPATEN SUKABUMI,3202040,JAMPANG KULON,3202040001,CIPARAY,32.02.21,JAMPANGKULON,32.02.21.2011,CIPARAY,22,ANAK,2023
43,32,JAWA BARAT,3202,"KABUPATEN
  SUKABUMI",3202040,JAMPANG KULON,3202040002,BOJONG GENTENG,32.02.21,JAMPANGKULON,32.02.21.2002,BOJONGGENTENG,8,ANAK,2023
44,32,JAWA BARAT,3202,KABUPATEN SUKABUMI,3202040,JAMPANG KULON,3202040003,BOJONGSARI,32.02.21,JAMPANGKULON,32.02.21.2005,BOJONGSARI,19,ANAK,2023
45,32,JAWA BARAT,3202,"KABUPATEN
  SUKABUMI",3202040,JAMPANG KULON,3202040004,MEKARJAYA,32.02.21,JAMPANGKULON,32.02.21.2008,MEKARJAYA,26,ANAK,2023
46,32,JAWA BARAT,3202,KABUPATEN SUKABUMI,3202040,JAMPANG KULON,3202040005,NAGRAKSARI,32.02.21,JAMPANGKULON,32.02.21.2007,NAGRAKSARI,13,ANAK,2023
47,32,JAWA BARAT,3202,"KABUPATEN
  SUKABUMI",3202040,JAMPANG KULON,3202040006,JAMPANG KULON,32.02.21,JAMPANGKULON,32.02.21.1001,JAMPANGKULON,9,ANAK,2023
48,32,JAWA BARAT,3202,KABUPATEN SUKABUMI,3202040,JAMPANG KULON,3202040007,TANJUNG,32.02.21,JAMPANGKULON,32.02.21.2009,TANJUNG,15,ANAK,2023
49,32,JAWA BARAT,3202,"KABUPATEN
  SUKABUMI",3202040,JAMPANG KULON,3202040008,PADAJAYA,32.02.21,JAMPANGKULON,32.02.21.2013,PADAJAYA,12,ANAK,2023
50,32,JAWA BARAT,3202,KABUPATEN SUKABUMI,3202040,JAMPANG KULON,3202040013,CIKARANG,32.02.21,JAMPANGKULON,32.02.21.2003,CIKARANG,17,ANAK,2023
51,32,JAWA BARAT,3202,"KABUPATEN
  SUKABUMI",3202040,JAMPANG KULON,3202040014,KARANGANYAR,32.02.21,JAMPANGKULON,32.02.21.2014,KARANGANYAR,17,ANAK,2023
52,32,JAWA BARAT,3202,KABUPATEN SUKABUMI,3202040,JAMPANG KULON,3202040015,CIKARANGGEUSAN,32.02.21,JAMPANGKULON,32.02.21.2016,CIKARANGGEUSAN,18,ANAK,2023
53,32,JAWA BARAT,3202,"KABUPATEN
  SUKABUMI",3202041,CIMANGGU,3202041001,BOREGAH INDAH,32.02.46,CIMANGGU,32.02.46.2005,BOREGAHINDAH,2,ANAK,2023
54,32,JAWA BARAT,3202,KABUPATEN SUKABUMI,3202041,CIMANGGU,3202041002,CIMANGGU,32.02.46,CIMANGGU,32.02.46.2001,CIMANGGU,2,ANAK,2023
55,32,JAWA BARAT,3202,"KABUPATEN
  SUKABUMI",3202041,CIMANGGU,3202041003,SUKAMAJU,32.02.46,CIMANGGU,32.02.46.2002,SUKAMAJU,8,ANAK,2023
56,32,JAWA BARAT,3202,KABUPATEN SUKABUMI,3202041,CIMANGGU,3202041004,SUKAJADI,32.02.46,CIMANGGU,32.02.46.2003,SUKAJADI,3,ANAK,2023
57,32,JAWA BARAT,3202,"KABUPATEN
  SUKABUMI",3202041,CIMANGGU,3202041005,KARANGMEKAR,32.02.46,CIMANGGU,32.02.46.2004,KARANGMEKAR,12,ANAK,2023
58,32,JAWA BARAT,3202,KABUPATEN SUKABUMI,3202041,CIMANGGU,3202041006,SUKAMANAH,32.02.46,CIMANGGU,32.02.46.2006,SUKAMANAH,9,ANAK,2023
59,32,JAWA BARAT,3202,"KABUPATEN
  SUKABUMI",3202050,KALI BUNDER,3202050001,CIMAHPAR,32.02.23,KALIBUNDER,32.02.23.2003,CIMAHPAR,4,ANAK,2023
60,32,JAWA BARAT,3202,KABUPATEN SUKABUMI,3202050,KALI BUNDER,3202050002,SEKARSARI,32.02.23,KALIBUNDER,32.02.23.2004,SEKARSARI,4,ANAK,2023
61,32,JAWA BARAT,3202,"KABUPATEN
  SUKABUMI",3202050,KALI BUNDER,3202050003,KALIBUNDER,32.02.23,KALIBUNDER,32.02.23.2001,KALIBUNDER,9,ANAK,2023
62,32,JAWA BARAT,3202,KABUPATEN SUKABUMI,3202050,KALI BUNDER,3202050004,SUKALUYU,32.02.23,KALIBUNDER,32.02.23.2005,SUKALUYU,4,ANAK,2023
63,32,JAWA BARAT,3202,"KABUPATEN
  SUKABUMI",3202050,KALI BUNDER,3202050005,BOJONG,32.02.23,KALIBUNDER,32.02.23.2002,BOJONG,3,ANAK,2023
64,32,JAWA BARAT,3202,KABUPATEN SUKABUMI,3202050,KALI BUNDER,3202050006,BALEKAMBANG,32.02.23,KALIBUNDER,32.02.23.2006,BALEKAMBANG,8,ANAK,2023
65,32,JAWA BARAT,3202,"KABUPATEN
  SUKABUMI",3202050,KALI BUNDER,3202050007,MEKARWANGI,32.02.23,KALIBUNDER,32.02.23.2007,MEKARWANGI,2,ANAK,2023
66,32,JAWA BARAT,3202,KABUPATEN SUKABUMI,3202060,TEGAL BULEUD,3202060001,SUMBERJAYA,32.02.45,TEGALBULEUD,32.02.45.2003,SUMBERJAYA,2,ANAK,2023
67,32,JAWA BARAT,3202,"KABUPATEN
  SUKABUMI",3202060,TEGAL BULEUD,3202060002,BUNIASIH,32.02.45,TEGALBULEUD,32.02.45.2007,BUNIASIH,1,ANAK,2023
68,32,JAWA BARAT,3202,KABUPATEN SUKABUMI,3202060,TEGAL BULEUD,3202060003,TEGALBULEUD,32.02.45,TEGALBULEUD,32.02.45.2001,TEGALBULEUD,3,ANAK,2023
69,32,JAWA BARAT,3202,"KABUPATEN
  SUKABUMI",3202060,TEGAL BULEUD,3202060004,CALINGCING,32.02.45,TEGALBULEUD,32.02.45.2004,CALINGCING,-,ANAK,2023
70,32,JAWA BARAT,3202,KABUPATEN SUKABUMI,3202060,TEGAL BULEUD,3202060005,RAMBAY,32.02.45,TEGALBULEUD,32.02.45.2006,RAMBAY,-,ANAK,2023
71,32,JAWA BARAT,3202,"KABUPATEN
  SUKABUMI",3202060,TEGAL BULEUD,3202060006,NANGELA,32.02.45,TEGALBULEUD,32.02.45.2005,NANGELA,1,ANAK,2023
72,32,JAWA BARAT,3202,KABUPATEN SUKABUMI,3202060,TEGAL BULEUD,3202060007,BANGBAYANG,32.02.45,TEGALBULEUD,32.02.45.2002,BANGBAYANG,-,ANAK,2023
73,32,JAWA BARAT,3202,"KABUPATEN
  SUKABUMI",3202060,TEGAL BULEUD,3202060008,SIRNAMEKAR,32.02.45,TEGALBULEUD,32.02.45.2008,SIRNAMEKAR,1,ANAK,2023
74,32,JAWA BARAT,3202,KABUPATEN SUKABUMI,3202070,CIDOLOG,3202070001,CIDOLOG,32.02.43,CIDOLOG,32.02.43.2001,CIDOLOG,1,ANAK,2023
75,32,JAWA BARAT,3202,"KABUPATEN
  SUKABUMI",3202070,CIDOLOG,3202070002,MEKARJAYA,32.02.43,CIDOLOG,32.02.43.2005,MEKARJAYA,1,ANAK,2023
76,32,JAWA BARAT,3202,KABUPATEN SUKABUMI,3202070,CIDOLOG,3202070003,CIKARANG,32.02.43,CIDOLOG,32.02.43.2003,CIKARANG,3,ANAK,2023
77,32,JAWA BARAT,3202,"KABUPATEN
  SUKABUMI",3202070,CIDOLOG,3202070004,CIPAMINGKIS,32.02.43,CIDOLOG,32.02.43.2002,CIPAMINGKIS,1,ANAK,2023
78,32,JAWA BARAT,3202,KABUPATEN SUKABUMI,3202070,CIDOLOG,3202070005,TEGALLEGA,32.02.43,CIDOLOG,32.02.43.2004,TEGALLEGA,-,ANAK,2023
79,32,JAWA BARAT,3202,"KABUPATEN
  SUKABUMI",3202080,SAGARANTEN,3202080005,SINAR BENTANG,32.02.41,SAGARANTEN,32.02.41.2009,SINARBENTANG,2,ANAK,2023
80,32,JAWA BARAT,3202,KABUPATEN SUKABUMI,3202080,SAGARANTEN,3202080006,GUNUNG BENTANG,32.02.41,SAGARANTEN,32.02.41.2008,GUNUNGBENTANG,1,ANAK,2023
81,32,JAWA BARAT,3202,"KABUPATEN
  SUKABUMI",3202080,SAGARANTEN,3202080007,PASANGGRAHAN,32.02.41,SAGARANTEN,32.02.41.2004,PASANGGRAHAN,1,ANAK,2023
82,32,JAWA BARAT,3202,KABUPATEN SUKABUMI,3202080,SAGARANTEN,3202080008,CURUGLUHUR,32.02.41,SAGARANTEN,32.02.41.2002,CURUGLUHUR,-,ANAK,2023
83,32,JAWA BARAT,3202,"KABUPATEN
  SUKABUMI",3202080,SAGARANTEN,3202080009,DATARNANGKA,32.02.41,SAGARANTEN,32.02.41.2005,DATARNANGKA,1,ANAK,2023
84,32,JAWA BARAT,3202,KABUPATEN SUKABUMI,3202080,SAGARANTEN,3202080010,SAGARANTEN,32.02.41,SAGARANTEN,32.02.41.2001,SAGARANTEN,4,ANAK,2023
85,32,JAWA BARAT,3202,"KABUPATEN
  SUKABUMI",3202080,SAGARANTEN,3202080011,MARGALUYU,32.02.41,SAGARANTEN,32.02.41.2011,MARGALUYU,1,ANAK,2023
86,32,JAWA BARAT,3202,KABUPATEN SUKABUMI,3202080,SAGARANTEN,3202080012,CIBITUNG,32.02.41,SAGARANTEN,32.02.41.2010,CIBITUNG,-,ANAK,2023
87,32,JAWA BARAT,3202,"KABUPATEN
  SUKABUMI",3202080,SAGARANTEN,3202080017,HEGARMANAH,32.02.41,SAGARANTEN,32.02.41.2007,HEGARMANAH,1,ANAK,2023
88,32,JAWA BARAT,3202,KABUPATEN SUKABUMI,3202080,SAGARANTEN,3202080018,CIBAREGBEG,32.02.41,SAGARANTEN,32.02.41.2003,CIBAREGBEG,-,ANAK,2023
89,32,JAWA BARAT,3202,"KABUPATEN
  SUKABUMI",3202080,SAGARANTEN,3202080019,PUNCAKMANGGIS,32.02.41,SAGARANTEN,32.02.41.2006,PUNCAKMANGGIS,1,ANAK,2023
90,32,JAWA BARAT,3202,KABUPATEN SUKABUMI,3202080,SAGARANTEN,3202080020,MEKARSARI,32.02.41,SAGARANTEN,32.02.41.2012,MEKARSARI,2,ANAK,2023
91,32,JAWA BARAT,3202,"KABUPATEN
  SUKABUMI",3202081,CIDADAP,3202081001,HEGARMULYA,32.02.44,CIDADAP,32.02.44.2004,HEGARMULYA,6,ANAK,2023
92,32,JAWA BARAT,3202,KABUPATEN SUKABUMI,3202081,CIDADAP,3202081002,CIDADAP,32.02.44,CIDADAP,32.02.44.2002,CIDADAP,8,ANAK,2023
93,32,JAWA BARAT,3202,"KABUPATEN
  SUKABUMI",3202081,CIDADAP,3202081003,PADASENANG,32.02.44,CIDADAP,32.02.44.2001,PADASENANG,13,ANAK,2023
94,32,JAWA BARAT,3202,KABUPATEN SUKABUMI,3202081,CIDADAP,3202081004,BANJARSARI,32.02.44,CIDADAP,32.02.44.2003,BANJARSARI,9,ANAK,2023
95,32,JAWA BARAT,3202,"KABUPATEN
  SUKABUMI",3202081,CIDADAP,3202081005,TENJOLAUT,32.02.44,CIDADAP,32.02.44.2005,TENJOLAUT,3,ANAK,2023
96,32,JAWA BARAT,3202,KABUPATEN SUKABUMI,3202081,CIDADAP,3202081006,MEKARTANI,32.02.44,CIDADAP,32.02.44.2006,MEKARTANI,3,ANAK,2023
97,32,JAWA BARAT,3202,"KABUPATEN
  SUKABUMI",3202082,CURUGKEMBAR,3202082001,CIMENTENG,32.02.42,CURUGKEMBAR,32.02.42.2002,CIMENTENG,4,ANAK,2023
98,32,JAWA BARAT,3202,KABUPATEN SUKABUMI,3202082,CURUGKEMBAR,3202082002,CURUGKEMBAR,32.02.42,CURUGKEMBAR,32.02.42.2001,CURUGKEMBAR,2,ANAK,2023
99,32,JAWA BARAT,3202,"KABUPATEN
  SUKABUMI",3202082,CURUGKEMBAR,3202082003,TANJUNGSARI,32.02.42,CURUGKEMBAR,32.02.42.2003,TANJUNGSARI,2,ANAK,2023
100,32,JAWA BARAT,3202,KABUPATEN SUKABUMI,3202082,CURUGKEMBAR,3202082004,SINDANGRAJA,32.02.42,CURUGKEMBAR,32.02.42.2004,SINDANGRAJA,1,ANAK,2023
101,32,JAWA BARAT,3202,"KABUPATEN
  SUKABUMI",3202082,CURUGKEMBAR,3202082005,MEKARTANJUNG,32.02.42,CURUGKEMBAR,32.02.42.2005,MEKARTANJUNG,1,ANAK,2023
102,32,JAWA BARAT,3202,KABUPATEN SUKABUMI,3202082,CURUGKEMBAR,3202082006,BOJONG TUGU,32.02.42,CURUGKEMBAR,32.02.42.2007,BOJONG TUGU,7,ANAK,2023
103,32,JAWA BARAT,3202,"KABUPATEN
  SUKABUMI",3202082,CURUGKEMBAR,3202082007,NAGRAKJAYA,32.02.42,CURUGKEMBAR,32.02.42.2006,NAGRAKJAYA,2,ANAK,2023
104,32,JAWA BARAT,3202,KABUPATEN SUKABUMI,3202090,PABUARAN,3202090001,SUKAJAYA,32.02.37,PABUARAN,32.02.37.2005,SUKAJAYA,23,ANAK,2023
105,32,JAWA BARAT,3202,"KABUPATEN
  SUKABUMI",3202090,PABUARAN,3202090002,CIWALAT,32.02.37,PABUARAN,32.02.37.2002,CIWALAT,15,ANAK,2023
106,32,JAWA BARAT,3202,KABUPATEN SUKABUMI,3202090,PABUARAN,3202090003,PABUARAN,32.02.37,PABUARAN,32.02.37.2001,PABUARAN,19,ANAK,2023
107,32,JAWA BARAT,3202,"KABUPATEN
  SUKABUMI",3202090,PABUARAN,3202090004,CIBADAK,32.02.37,PABUARAN,32.02.37.2006,CIBADAK,10,ANAK,2023
108,32,JAWA BARAT,3202,KABUPATEN SUKABUMI,3202090,PABUARAN,3202090005,SIRNASARI,32.02.37,PABUARAN,32.02.37.2003,SIRNASARI,40,ANAK,2023
109,32,JAWA BARAT,3202,"KABUPATEN
  SUKABUMI",3202090,PABUARAN,3202090006,BANTARSARI,32.02.37,PABUARAN,32.02.37.2004,BANTARSARI,36,ANAK,2023
110,32,JAWA BARAT,3202,KABUPATEN SUKABUMI,3202090,PABUARAN,3202090007,LEMBURSAWAH,32.02.37,PABUARAN,32.02.37.2007,LEMBUR SAWAH,15,ANAK,2023
111,32,JAWA BARAT,3202,"KABUPATEN
  SUKABUMI",3202100,LENGKONG,3202100001,LANGKAPJAYA,32.02.07,LENGKONG,32.02.07.2005,LANGKAPJAYA,22,ANAK,2023
112,32,JAWA BARAT,3202,KABUPATEN SUKABUMI,3202100,LENGKONG,3202100002,CILANGKAP,32.02.07,LENGKONG,32.02.07.2002,CILANGKAP,6,ANAK,2023
113,32,JAWA BARAT,3202,"KABUPATEN
  SUKABUMI",3202100,LENGKONG,3202100003,LENGKONG,32.02.07,LENGKONG,32.02.07.2001,LENGKONG,11,ANAK,2023
114,32,JAWA BARAT,3202,KABUPATEN SUKABUMI,3202100,LENGKONG,3202100004,TEGALLEGA,32.02.07,LENGKONG,32.02.07.2003,TEGALLEGA,16,ANAK,2023
115,32,JAWA BARAT,3202,"KABUPATEN
  SUKABUMI",3202100,LENGKONG,3202100005,NEGLASARI,32.02.07,LENGKONG,32.02.07.2004,NEGLASARI,9,ANAK,2023
116,32,JAWA BARAT,3202,KABUPATEN SUKABUMI,3202110,PALABUHANRATU,3202110005,CITARIK,32.02.01,PALABUHANRATU,32.02.01.2008,CITARIK,11,ANAK,2023
117,32,JAWA BARAT,3202,"KABUPATEN
  SUKABUMI",3202110,PALABUHANRATU,3202110006,PALABUHANRATU,32.02.01,PALABUHANRATU,32.02.01.1001,PALABUHANRATU,17,ANAK,2023
118,32,JAWA BARAT,3202,KABUPATEN SUKABUMI,3202110,PALABUHANRATU,3202110007,CITEPUS,32.02.01,PALABUHANRATU,32.02.01.2003,CITEPUS,7,ANAK,2023
119,32,JAWA BARAT,3202,"KABUPATEN
  SUKABUMI",3202110,PALABUHANRATU,3202110008,CIBODAS,32.02.01,PALABUHANRATU,32.02.01.2005,CIBODAS,4,ANAK,2023
120,32,JAWA BARAT,3202,KABUPATEN SUKABUMI,3202110,PALABUHANRATU,3202110009,BUNIWANGI,32.02.01,PALABUHANRATU,32.02.01.2004,BUNIWANGI,-,ANAK,2023
121,32,JAWA BARAT,3202,"KABUPATEN
  SUKABUMI",3202110,PALABUHANRATU,3202110010,CIKADU,32.02.01,PALABUHANRATU,32.02.01.2007,CIKADU,1,ANAK,2023
122,32,JAWA BARAT,3202,KABUPATEN SUKABUMI,3202110,PALABUHANRATU,3202110011,PASIRSUREN,32.02.01,PALABUHANRATU,32.02.01.2006,PASIRSUREN,4,ANAK,2023
123,32,JAWA BARAT,3202,"KABUPATEN
  SUKABUMI",3202110,PALABUHANRATU,3202110012,TONJONG,32.02.01,PALABUHANRATU,32.02.01.2002,TONJONG,7,ANAK,2023
124,32,JAWA BARAT,3202,KABUPATEN SUKABUMI,3202110,PALABUHANRATU,3202110013,JAYANTI,32.02.01,PALABUHANRATU,32.02.01.2010,JAYANTI,2,ANAK,2023
125,32,JAWA BARAT,3202,"KABUPATEN
  SUKABUMI",3202110,PALABUHANRATU,3202110014,CIMANGGU,32.02.01,PALABUHANRATU,32.02.01.2009,CIMANGGU,3,ANAK,2023
126,32,JAWA BARAT,3202,KABUPATEN SUKABUMI,3202111,SIMPENAN,3202111001,CIHAUR,32.02.02,SIMPENAN,32.02.02.2004,CIHAUR,1,ANAK,2023
127,32,JAWA BARAT,3202,"KABUPATEN
  SUKABUMI",3202111,SIMPENAN,3202111002,KERTAJAYA,32.02.02,SIMPENAN,32.02.02.2003,KERTAJAYA,9,ANAK,2023
128,32,JAWA BARAT,3202,KABUPATEN SUKABUMI,3202111,SIMPENAN,3202111003,LOJI,32.02.02,SIMPENAN,32.02.02.2002,LOJI,7,ANAK,2023
129,32,JAWA BARAT,3202,"KABUPATEN
  SUKABUMI",3202111,SIMPENAN,3202111004,CIDADAP,32.02.02,SIMPENAN,32.02.02.2001,CIDADAP,11,ANAK,2023
130,32,JAWA BARAT,3202,KABUPATEN SUKABUMI,3202111,SIMPENAN,3202111005,CIBUNTU,32.02.02,SIMPENAN,32.02.02.2005,CIBUNTU,-,ANAK,2023
131,32,JAWA BARAT,3202,"KABUPATEN
  SUKABUMI",3202111,SIMPENAN,3202111006,MEKARASIH,32.02.02,SIMPENAN,32.02.02.2006,MEKARASIH,5,ANAK,2023
132,32,JAWA BARAT,3202,KABUPATEN SUKABUMI,3202111,SIMPENAN,3202111007,SANGRAWAYANG,32.02.02,SIMPENAN,32.02.02.2007,SANGRAWAYANG,-,ANAK,2023
133,32,JAWA BARAT,3202,"KABUPATEN
  SUKABUMI",3202120,WARUNG KIARA,3202120002,HEGARMANAH,32.02.09,WARUNGKIARA,32.02.09.2005,HEGARMANAH,1,ANAK,2023
134,32,JAWA BARAT,3202,KABUPATEN SUKABUMI,3202120,WARUNG KIARA,3202120003,BANTARKALONG,32.02.09,WARUNGKIARA,32.02.09.2004,BANTARKALONG,13,ANAK,2023
135,32,JAWA BARAT,3202,"KABUPATEN
  SUKABUMI",3202120,WARUNG KIARA,3202120004,SIRNAJAYA,32.02.09,WARUNGKIARA,32.02.09.2007,SIRNAJAYA,1,ANAK,2023
136,32,JAWA BARAT,3202,KABUPATEN SUKABUMI,3202120,WARUNG KIARA,3202120005,BOJONGKERTA,32.02.09,WARUNGKIARA,32.02.09.2002,BOJONGKERTA,9,ANAK,2023
137,32,JAWA BARAT,3202,"KABUPATEN
  SUKABUMI",3202120,WARUNG KIARA,3202120006,UBRUG,32.02.09,WARUNGKIARA,32.02.09.2006,UBRUG,9,ANAK,2023
138,32,JAWA BARAT,3202,KABUPATEN SUKABUMI,3202120,WARUNG KIARA,3202120007,GIRIJAYA,32.02.09,WARUNGKIARA,32.02.09.2003,GIRIJAYA,11,ANAK,2023
139,32,JAWA BARAT,3202,"KABUPATEN
  SUKABUMI",3202120,WARUNG KIARA,3202120008,WARUNGKIARA,32.02.09,WARUNGKIARA,32.02.09.2001,WARUNGKIARA,12,ANAK,2023
140,32,JAWA BARAT,3202,KABUPATEN SUKABUMI,3202120,WARUNG KIARA,3202120009,SUKAHARJA,32.02.09,WARUNGKIARA,32.02.09.2008,SUKAHARJA,8,ANAK,2023
141,32,JAWA BARAT,3202,"KABUPATEN
  SUKABUMI",3202120,WARUNG KIARA,3202120010,TARISI,32.02.09,WARUNGKIARA,32.02.09.2012,TARISI,1,ANAK,2023
142,32,JAWA BARAT,3202,KABUPATEN SUKABUMI,3202120,WARUNG KIARA,3202120011,DAMARRAJA,32.02.09,WARUNGKIARA,32.02.09.2011,DAMARRAJA,8,ANAK,2023
143,32,JAWA BARAT,3202,"KABUPATEN
  SUKABUMI",3202120,WARUNG KIARA,3202120012,MEKARJAYA,32.02.09,WARUNGKIARA,32.02.09.2010,MEKARJAYA,4,ANAK,2023
144,32,JAWA BARAT,3202,KABUPATEN SUKABUMI,3202120,WARUNG KIARA,3202120013,KERTAMUKTI,32.02.09,WARUNGKIARA,32.02.09.2009,KERTAMUKTI,2,ANAK,2023
145,32,JAWA BARAT,3202,"KABUPATEN
  SUKABUMI",3202121,BANTARGADUNG,3202121001,BANTARGEBANG,32.02.04,BANTARGADUNG,32.02.04.2005,BANTARGEBANG,5,ANAK,2023
146,32,JAWA BARAT,3202,KABUPATEN SUKABUMI,3202121,BANTARGADUNG,3202121002,BOJONGGALING,32.02.04,BANTARGADUNG,32.02.04.2003,BOJONGGALING,7,ANAK,2023
147,32,JAWA BARAT,3202,"KABUPATEN
  SUKABUMI",3202121,BANTARGADUNG,3202121003,BANTARGADUNG,32.02.04,BANTARGADUNG,32.02.04.2001,BANTARGADUNG,11,ANAK,2023
148,32,JAWA BARAT,3202,KABUPATEN SUKABUMI,3202121,BANTARGADUNG,3202121004,MANGUNJAYA,32.02.04,BANTARGADUNG,32.02.04.2002,MANGUNJAYA,5,ANAK,2023
149,32,JAWA BARAT,3202,"KABUPATEN
  SUKABUMI",3202121,BANTARGADUNG,3202121005,LIMUSNUNGGAL,32.02.04,BANTARGADUNG,32.02.04.2004,LIMUSNUNGGAL,3,ANAK,2023
150,32,JAWA BARAT,3202,KABUPATEN SUKABUMI,3202121,BANTARGADUNG,3202121006,BUANAJAYA,32.02.04,BANTARGADUNG,32.02.04.2006,BUANAJAYA,1,ANAK,2023
151,32,JAWA BARAT,3202,"KABUPATEN
  SUKABUMI",3202121,BANTARGADUNG,3202121007,BOYONGSARI,32.02.04,BANTARGADUNG,32.02.04.2007,BOYONG SARI,2,ANAK,2023
152,32,JAWA BARAT,3202,KABUPATEN SUKABUMI,3202130,JAMPANG TENGAH,3202130001,BANTARPANJANG,32.02.08,JAMPANGTENGAH,32.02.08.2003,BANTARPANJANG,7,ANAK,2023
153,32,JAWA BARAT,3202,"KABUPATEN
  SUKABUMI",3202130,JAMPANG TENGAH,3202130009,BOJONGTIPAR,32.02.08,JAMPANGTENGAH,32.02.08.2011,BOJONGTIPAR,9,ANAK,2023
154,32,JAWA BARAT,3202,KABUPATEN SUKABUMI,3202130,JAMPANG TENGAH,3202130010,CIJULANG,32.02.08,JAMPANGTENGAH,32.02.08.2009,CIJULANG,19,ANAK,2023
155,32,JAWA BARAT,3202,"KABUPATEN
  SUKABUMI",3202130,JAMPANG TENGAH,3202130011,NANGERANG,32.02.08,JAMPANGTENGAH,32.02.08.2005,NANGERANG,32,ANAK,2023
156,32,JAWA BARAT,3202,KABUPATEN SUKABUMI,3202130,JAMPANG TENGAH,3202130012,BOJONG JENGKOL,32.02.08,JAMPANGTENGAH,32.02.08.2004,BOJONGJENGKOL,22,ANAK,2023
157,32,JAWA BARAT,3202,"KABUPATEN
  SUKABUMI",3202130,JAMPANG TENGAH,3202130013,BANTAR AGUNG,32.02.08,JAMPANGTENGAH,32.02.08.2010,BANTARAGUNG,8,ANAK,2023
158,32,JAWA BARAT,3202,KABUPATEN SUKABUMI,3202130,JAMPANG TENGAH,3202130014,JAMPANG TENGAH,32.02.08,JAMPANGTENGAH,32.02.08.2001,JAMPANGTENGAH,4,ANAK,2023
159,32,JAWA BARAT,3202,"KABUPATEN
  SUKABUMI",3202130,JAMPANG TENGAH,3202130015,PANUMBANGAN,32.02.08,JAMPANGTENGAH,32.02.08.2008,PANUMBANGAN,19,ANAK,2023
160,32,JAWA BARAT,3202,KABUPATEN SUKABUMI,3202130,JAMPANG TENGAH,3202130016,SINDANGRESMI,32.02.08,JAMPANGTENGAH,32.02.08.2007,SINDANGRESMI,34,ANAK,2023
161,32,JAWA BARAT,3202,"KABUPATEN
  SUKABUMI",3202130,JAMPANG TENGAH,3202130017,TANJUNGSARI,32.02.08,JAMPANGTENGAH,32.02.08.2006,TANJUNGSARI,15,ANAK,2023
162,32,JAWA BARAT,3202,KABUPATEN SUKABUMI,3202130,JAMPANG TENGAH,3202130018,PADABEUNGHAR,32.02.08,JAMPANGTENGAH,32.02.08.2002,PADABEUNGHAR,36,ANAK,2023
163,32,JAWA BARAT,3202,"KABUPATEN
  SUKABUMI",3202131,PURABAYA,3202131001,NEGLASARI,32.02.38,PURABAYA,32.02.38.2002,NEGLASARI,2,ANAK,2023
164,32,JAWA BARAT,3202,KABUPATEN SUKABUMI,3202131,PURABAYA,3202131002,CICUKANG,32.02.38,PURABAYA,32.02.38.2007,CICUKANG,8,ANAK,2023
165,32,JAWA BARAT,3202,"KABUPATEN
  SUKABUMI",3202131,PURABAYA,3202131003,MARGALUYU,32.02.38,PURABAYA,32.02.38.2006,MARGALUYU,1,ANAK,2023
166,32,JAWA BARAT,3202,KABUPATEN SUKABUMI,3202131,PURABAYA,3202131004,PURABAYA,32.02.38,PURABAYA,32.02.38.2001,PURABAYA,18,ANAK,2023
167,32,JAWA BARAT,3202,"KABUPATEN
  SUKABUMI",3202131,PURABAYA,3202131005,PAGELARAN,32.02.38,PURABAYA,32.02.38.2003,PAGELARAN,12,ANAK,2023
168,32,JAWA BARAT,3202,KABUPATEN SUKABUMI,3202131,PURABAYA,3202131006,CITAMIANG,32.02.38,PURABAYA,32.02.38.2005,CITAMIANG,12,ANAK,2023
169,32,JAWA BARAT,3202,"KABUPATEN
  SUKABUMI",3202131,PURABAYA,3202131007,CIMERANG,32.02.38,PURABAYA,32.02.38.2004,CIMERANG,18,ANAK,2023
170,32,JAWA BARAT,3202,KABUPATEN SUKABUMI,3202140,CIKEMBAR,3202140001,SUKAMAJU,32.02.10,CIKEMBAR,32.02.10.2006,SUKAMAJU,6,ANAK,2023
171,32,JAWA BARAT,3202,"KABUPATEN
  SUKABUMI",3202140,CIKEMBAR,3202140002,CIBATU,32.02.10,CIKEMBAR,32.02.10.2007,CIBATU,1,ANAK,2023
172,32,JAWA BARAT,3202,KABUPATEN SUKABUMI,3202140,CIKEMBAR,3202140003,PARAKANLIMA,32.02.10,CIKEMBAR,32.02.10.2002,PARAKANLIMA,7,ANAK,2023
173,32,JAWA BARAT,3202,"KABUPATEN
  SUKABUMI",3202140,CIKEMBAR,3202140004,KERTARAHARJA,32.02.10,CIKEMBAR,32.02.10.2008,KERTARAHARJA,7,ANAK,2023
174,32,JAWA BARAT,3202,KABUPATEN SUKABUMI,3202140,CIKEMBAR,3202140005,BOJONG,32.02.10,CIKEMBAR,32.02.10.2003,BOJONG,12,ANAK,2023
175,32,JAWA BARAT,3202,"KABUPATEN
  SUKABUMI",3202140,CIKEMBAR,3202140006,BOJONGKEMBAR,32.02.10,CIKEMBAR,32.02.10.2005,BOJONGKEMBAR,5,ANAK,2023
176,32,JAWA BARAT,3202,KABUPATEN SUKABUMI,3202140,CIKEMBAR,3202140007,CIKEMBAR,32.02.10,CIKEMBAR,32.02.10.2001,CIKEMBAR,16,ANAK,2023
177,32,JAWA BARAT,3202,"KABUPATEN
  SUKABUMI",3202140,CIKEMBAR,3202140008,CIMANGGU,32.02.10,CIKEMBAR,32.02.10.2004,CIMANGGU,6,ANAK,2023
178,32,JAWA BARAT,3202,KABUPATEN SUKABUMI,3202140,CIKEMBAR,3202140009,SUKAMULYA,32.02.10,CIKEMBAR,32.02.10.2009,SUKAMULYA,1,ANAK,2023
179,32,JAWA BARAT,3202,"KABUPATEN
  SUKABUMI",3202140,CIKEMBAR,3202140010,BOJONGRAHARJA,32.02.10,CIKEMBAR,32.02.10.2010,BOJONGRAHARJA,11,ANAK,2023
180,32,JAWA BARAT,3202,KABUPATEN SUKABUMI,3202150,NYALINDUNG,3202150001,CISITU,32.02.39,NYALINDUNG,32.02.39.2008,CISITU,4,ANAK,2023
181,32,JAWA BARAT,3202,"KABUPATEN
  SUKABUMI",3202150,NYALINDUNG,3202150002,NYALINDUNG,32.02.39,NYALINDUNG,32.02.39.2001,NYALINDUNG,9,ANAK,2023
182,32,JAWA BARAT,3202,KABUPATEN SUKABUMI,3202150,NYALINDUNG,3202150003,KERTAANGSANA,32.02.39,NYALINDUNG,32.02.39.2010,KERTAANGSANA,15,ANAK,2023
183,32,JAWA BARAT,3202,"KABUPATEN
  SUKABUMI",3202150,NYALINDUNG,3202150004,MEKARSARI,32.02.39,NYALINDUNG,32.02.39.2006,MEKARSARI,19,ANAK,2023
184,32,JAWA BARAT,3202,KABUPATEN SUKABUMI,3202150,NYALINDUNG,3202150005,BOJONGKALONG,32.02.39,NYALINDUNG,32.02.39.2004,BOJONGKALONG,-,ANAK,2023
185,32,JAWA BARAT,3202,"KABUPATEN
  SUKABUMI",3202150,NYALINDUNG,3202150006,BOJONGSARI,32.02.39,NYALINDUNG,32.02.39.2009,BOJONGSARI,5,ANAK,2023
186,32,JAWA BARAT,3202,KABUPATEN SUKABUMI,3202150,NYALINDUNG,3202150007,SUKAMAJU,32.02.39,NYALINDUNG,32.02.39.2003,SUKAMAJU,14,ANAK,2023
187,32,JAWA BARAT,3202,"KABUPATEN
  SUKABUMI",3202150,NYALINDUNG,3202150008,WANGUNREJA,32.02.39,NYALINDUNG,32.02.39.2007,WANGUNREJA,30,ANAK,2023
188,32,JAWA BARAT,3202,KABUPATEN SUKABUMI,3202150,NYALINDUNG,3202150009,NEGLASARI,32.02.39,NYALINDUNG,32.02.39.2002,NEGLASARI,11,ANAK,2023
189,32,JAWA BARAT,3202,"KABUPATEN
  SUKABUMI",3202150,NYALINDUNG,3202150010,CIJANGKAR,32.02.39,NYALINDUNG,32.02.39.2005,CIJANGKAR,41,ANAK,2023
190,32,JAWA BARAT,3202,KABUPATEN SUKABUMI,3202160,GEGER BITUNG,3202160001,CIENGANG,32.02.40,GEGERBITUNG,32.02.40.2003,CIENGANG,6,ANAK,2023
191,32,JAWA BARAT,3202,"KABUPATEN
  SUKABUMI",3202160,GEGER BITUNG,3202160002,SUKAMANAH,32.02.40,GEGERBITUNG,32.02.40.2006,SUKAMANAH,4,ANAK,2023
192,32,JAWA BARAT,3202,KABUPATEN SUKABUMI,3202160,GEGER BITUNG,3202160003,GEGERBITUNG,32.02.40,GEGERBITUNG,32.02.40.2001,GEGERBITUNG,17,ANAK,2023
193,32,JAWA BARAT,3202,"KABUPATEN
  SUKABUMI",3202160,GEGER BITUNG,3202160004,CIJUREY,32.02.40,GEGERBITUNG,32.02.40.2002,CIJUREY,-,ANAK,2023
194,32,JAWA BARAT,3202,KABUPATEN SUKABUMI,3202160,GEGER BITUNG,3202160005,KARANGJAYA,32.02.40,GEGERBITUNG,32.02.40.2004,KARANGJAYA,2,ANAK,2023
195,32,JAWA BARAT,3202,"KABUPATEN
  SUKABUMI",3202160,GEGER BITUNG,3202160006,BUNIWANGI,32.02.40,GEGERBITUNG,32.02.40.2007,BUNIWANGI,7,ANAK,2023
196,32,JAWA BARAT,3202,KABUPATEN SUKABUMI,3202160,GEGER BITUNG,3202160007,CARINGIN,32.02.40,GEGERBITUNG,32.02.40.2005,CARINGIN,1,ANAK,2023
197,32,JAWA BARAT,3202,"KABUPATEN
  SUKABUMI",3202170,SUKARAJA,3202170011,SELAWANGI,32.02.33,SUKARAJA,32.02.33.2008,SELAWANGI,20,ANAK,2023
198,32,JAWA BARAT,3202,KABUPATEN SUKABUMI,3202170,SUKARAJA,3202170012,PASIRHALANG,32.02.33,SUKARAJA,32.02.33.2001,PASIRHALANG,16,ANAK,2023
199,32,JAWA BARAT,3202,"KABUPATEN
  SUKABUMI",3202170,SUKARAJA,3202170013,SUKARAJA,32.02.33,SUKARAJA,32.02.33.2004,SUKARAJA,29,ANAK,2023
200,32,JAWA BARAT,3202,KABUPATEN SUKABUMI,3202170,SUKARAJA,3202170014,SUKAMEKAR,32.02.33,SUKARAJA,32.02.33.2007,SUKAMEKAR,16,ANAK,2023
201,32,JAWA BARAT,3202,"KABUPATEN
  SUKABUMI",3202170,SUKARAJA,3202170015,CISARUA,32.02.33,SUKARAJA,32.02.33.2006,CISARUA,-,ANAK,2023
202,32,JAWA BARAT,3202,KABUPATEN SUKABUMI,3202170,SUKARAJA,3202170016,LIMBANGAN,32.02.33,SUKARAJA,32.02.33.2005,LIMBANGAN,9,ANAK,2023
203,32,JAWA BARAT,3202,"KABUPATEN
  SUKABUMI",3202170,SUKARAJA,3202170017,LANGENSARI,32.02.33,SUKARAJA,32.02.33.2003,LANGENSARI,16,ANAK,2023
204,32,JAWA BARAT,3202,KABUPATEN SUKABUMI,3202170,SUKARAJA,3202170018,SELAAWI,32.02.33,SUKARAJA,32.02.33.2002,SELAWI,6,ANAK,2023
205,32,JAWA BARAT,3202,"KABUPATEN
  SUKABUMI",3202170,SUKARAJA,3202170021,MARGALUYU,32.02.33,SUKARAJA,32.02.33.2009,MARGALUYU,11,ANAK,2023
206,32,JAWA BARAT,3202,KABUPATEN SUKABUMI,3202171,KEBONPEDES,3202171001,SASAGARAN,32.02.34,KEBONPEDES,32.02.34.2004,SASAGARAN,2,ANAK,2023
207,32,JAWA BARAT,3202,"KABUPATEN
  SUKABUMI",3202171,KEBONPEDES,3202171002,JAMBENENGGANG,32.02.34,KEBONPEDES,32.02.34.2005,JAMBENENGGANG,1,ANAK,2023
208,32,JAWA BARAT,3202,KABUPATEN SUKABUMI,3202171,KEBONPEDES,3202171003,CIKARET,32.02.34,KEBONPEDES,32.02.34.2002,CIKARET,4,ANAK,2023
209,32,JAWA BARAT,3202,"KABUPATEN
  SUKABUMI",3202171,KEBONPEDES,3202171004,KEBONPEDES,32.02.34,KEBONPEDES,32.02.34.2001,KEBONPEDES,3,ANAK,2023
210,32,JAWA BARAT,3202,KABUPATEN SUKABUMI,3202171,KEBONPEDES,3202171005,BOJONGSAWAH,32.02.34,KEBONPEDES,32.02.34.2003,BOJONGSAWAH,7,ANAK,2023
211,32,JAWA BARAT,3202,"KABUPATEN
  SUKABUMI",3202172,CIREUNGHAS,3202172001,CIPURUT,32.02.35,CIREUNGHAS,32.02.35.2002,CIPURUT,4,ANAK,2023
212,32,JAWA BARAT,3202,KABUPATEN SUKABUMI,3202172,CIREUNGHAS,3202172002,CIREUNGHAS,32.02.35,CIREUNGHAS,32.02.35.2001,CIREUNGHAS,-,ANAK,2023
213,32,JAWA BARAT,3202,"KABUPATEN
  SUKABUMI",3202172,CIREUNGHAS,3202172003,BENCOY,32.02.35,CIREUNGHAS,32.02.35.2003,BENCOY,8,ANAK,2023
214,32,JAWA BARAT,3202,KABUPATEN SUKABUMI,3202172,CIREUNGHAS,3202172004,CIKURUTUG,32.02.35,CIREUNGHAS,32.02.35.2004,CIKURUTUG,1,ANAK,2023
215,32,JAWA BARAT,3202,"KABUPATEN
  SUKABUMI",3202172,CIREUNGHAS,3202172005,TEGALPANJANG,32.02.35,CIREUNGHAS,32.02.35.2005,TEGALPANJANG,13,ANAK,2023
216,32,JAWA BARAT,3202,KABUPATEN SUKABUMI,3202173,SUKALARANG,3202173001,SEMPLAK,32.02.36,SUKALARANG,32.02.36.2005,SEMPLAK,11,ANAK,2023
217,32,JAWA BARAT,3202,"KABUPATEN
  SUKABUMI",3202173,SUKALARANG,3202173002,PRIANGANJAYA,32.02.36,SUKALARANG,32.02.36.2006,PRIANGANJAYA,39,ANAK,2023
218,32,JAWA BARAT,3202,KABUPATEN SUKABUMI,3202173,SUKALARANG,3202173003,TITISAN,32.02.36,SUKALARANG,32.02.36.2004,TITISAN,47,ANAK,2023
219,32,JAWA BARAT,3202,"KABUPATEN
  SUKABUMI",3202173,SUKALARANG,3202173004,CIMANGKOK,32.02.36,SUKALARANG,32.02.36.2003,CIMANGKOK,3,ANAK,2023
220,32,JAWA BARAT,3202,KABUPATEN SUKABUMI,3202173,SUKALARANG,3202173005,SUKALARANG,32.02.36,SUKALARANG,32.02.36.2001,SUKALARANG,91,ANAK,2023
221,32,JAWA BARAT,3202,"KABUPATEN
  SUKABUMI",3202173,SUKALARANG,3202173006,SUKAMAJU,32.02.36,SUKALARANG,32.02.36.2002,SUKAMAJU,11,ANAK,2023
222,32,JAWA BARAT,3202,KABUPATEN SUKABUMI,3202180,SUKABUMI,3202180001,PARUNGSEAH,32.02.32,SUKABUMI,32.02.32.2001,PARUNGSEAH,26,ANAK,2023
223,32,JAWA BARAT,3202,"KABUPATEN
  SUKABUMI",3202180,SUKABUMI,3202180002,WARNASARI,32.02.32,SUKABUMI,32.02.32.2004,WARNASARI,5,ANAK,2023
224,32,JAWA BARAT,3202,KABUPATEN SUKABUMI,3202180,SUKABUMI,3202180003,SUKAJAYA,32.02.32,SUKABUMI,32.02.32.2005,SUKAJAYA,2,ANAK,2023
225,32,JAWA BARAT,3202,"KABUPATEN
  SUKABUMI",3202180,SUKABUMI,3202180004,SUDAJAYA GIRANG,32.02.32,SUKABUMI,32.02.32.2002,"SUNDAJAYA
  GIRANG",7,ANAK,2023
226,32,JAWA BARAT,3202,KABUPATEN SUKABUMI,3202180,SUKABUMI,3202180005,KARAWANG,32.02.32,SUKABUMI,32.02.32.2003,KARAWANG,10,ANAK,2023
227,32,JAWA BARAT,3202,"KABUPATEN
  SUKABUMI",3202180,SUKABUMI,3202180006,PERBAWATI,32.02.32,SUKABUMI,32.02.32.2006,PERBAWATI,8,ANAK,2023
228,32,JAWA BARAT,3202,KABUPATEN SUKABUMI,3202190,KADUDAMPIT,3202190001,MUARADUA,32.02.30,KADUDAMPIT,32.02.30.2003,MUARADUA,34,ANAK,2023
229,32,JAWA BARAT,3202,"KABUPATEN
  SUKABUMI",3202190,KADUDAMPIT,3202190002,CITAMIANG,32.02.30,KADUDAMPIT,32.02.30.2002,CITAMIANG,8,ANAK,2023
230,32,JAWA BARAT,3202,KABUPATEN SUKABUMI,3202190,KADUDAMPIT,3202190003,CIKAHURIPAN,32.02.30,KADUDAMPIT,32.02.30.2009,CIKAHURIPAN,37,ANAK,2023
231,32,JAWA BARAT,3202,"KABUPATEN
  SUKABUMI",3202190,KADUDAMPIT,3202190004,SUKAMANIS,32.02.30,KADUDAMPIT,32.02.30.2005,SUKAMANIS,33,ANAK,2023
232,32,JAWA BARAT,3202,KABUPATEN SUKABUMI,3202190,KADUDAMPIT,3202190005,KADUDAMPIT,32.02.30,KADUDAMPIT,32.02.30.2001,KADUDAMPIT,30,ANAK,2023
233,32,JAWA BARAT,3202,"KABUPATEN
  SUKABUMI",3202190,KADUDAMPIT,3202190006,GEDE PANGRANGO,32.02.30,KADUDAMPIT,32.02.30.2004,GEDEPANGRANGO,28,ANAK,2023
234,32,JAWA BARAT,3202,KABUPATEN SUKABUMI,3202190,KADUDAMPIT,3202190007,SUKAMAJU,32.02.30,KADUDAMPIT,32.02.30.2008,SUKAMAJU,38,ANAK,2023
235,32,JAWA BARAT,3202,"KABUPATEN
  SUKABUMI",3202190,KADUDAMPIT,3202190008,CIPETIR,32.02.30,KADUDAMPIT,32.02.30.2007,CIPETIR,21,ANAK,2023
236,32,JAWA BARAT,3202,KABUPATEN SUKABUMI,3202190,KADUDAMPIT,3202190009,UNDRUS BINANGUN,32.02.30,KADUDAMPIT,32.02.30.2006,UNDRUSBINANGUN,30,ANAK,2023
237,32,JAWA BARAT,3202,"KABUPATEN
  SUKABUMI",3202200,CISAAT,3202200007,PADAASIH,32.02.29,CISAAT,32.02.29.2010,PADAASIH,10,ANAK,2023
238,32,JAWA BARAT,3202,KABUPATEN SUKABUMI,3202200,CISAAT,3202200008,CISAAT,32.02.29,CISAAT,32.02.29.2004,CISAAT,8,ANAK,2023
239,32,JAWA BARAT,3202,"KABUPATEN
  SUKABUMI",3202200,CISAAT,3202200009,BABAKAN,32.02.29,CISAAT,32.02.29.2006,BABAKAN,16,ANAK,2023
240,32,JAWA BARAT,3202,KABUPATEN SUKABUMI,3202200,CISAAT,3202200010,SUKAMANTRI,32.02.29,CISAAT,32.02.29.2007,SUKAMANTRI,13,ANAK,2023
241,32,JAWA BARAT,3202,"KABUPATEN
  SUKABUMI",3202200,CISAAT,3202200011,SUKAMANAH,32.02.29,CISAAT,32.02.29.2003,SUKAMANAH,22,ANAK,2023
242,32,JAWA BARAT,3202,KABUPATEN SUKABUMI,3202200,CISAAT,3202200012,NAGRAK,32.02.29,CISAAT,32.02.29.2005,NAGRAK,18,ANAK,2023
243,32,JAWA BARAT,3202,"KABUPATEN
  SUKABUMI",3202200,CISAAT,3202200013,CIBATU,32.02.29,CISAAT,32.02.29.2008,CIBATU,10,ANAK,2023
244,32,JAWA BARAT,3202,KABUPATEN SUKABUMI,3202200,CISAAT,3202200014,CIBOLANG KALER,32.02.29,CISAAT,32.02.29.2011,CIBOLANG KALER,17,ANAK,2023
245,32,JAWA BARAT,3202,"KABUPATEN
  SUKABUMI",3202200,CISAAT,3202200015,KUTASIRNA,32.02.29,CISAAT,32.02.29.2012,KUTASIRNA,2,ANAK,2023
246,32,JAWA BARAT,3202,KABUPATEN SUKABUMI,3202200,CISAAT,3202200016,SELAJAMBE,32.02.29,CISAAT,32.02.29.2009,SELAJAMBE,7,ANAK,2023
247,32,JAWA BARAT,3202,"KABUPATEN
  SUKABUMI",3202200,CISAAT,3202200017,SUKASARI,32.02.29,CISAAT,32.02.29.2002,SUKASARI,19,ANAK,2023
248,32,JAWA BARAT,3202,KABUPATEN SUKABUMI,3202200,CISAAT,3202200018,GUNUNGJAYA,32.02.29,CISAAT,32.02.29.2001,GUNUNGJAYA,3,ANAK,2023
249,32,JAWA BARAT,3202,"KABUPATEN
  SUKABUMI",3202200,CISAAT,3202200019,SUKARESMI,32.02.29,CISAAT,32.02.29.2013,SUKARESMI,35,ANAK,2023
250,32,JAWA BARAT,3202,KABUPATEN SUKABUMI,3202201,GUNUNGGURUH,3202201001,SIRNARESMI,32.02.27,GUNUNGGURUH,32.02.27.2004,SIRNARESMI,14,ANAK,2023
251,32,JAWA BARAT,3202,"KABUPATEN
  SUKABUMI",3202201,GUNUNGGURUH,3202201002,KEBONMANGGU,32.02.27,GUNUNGGURUH,32.02.27.2005,KEBONMANGGU,14,ANAK,2023
252,32,JAWA BARAT,3202,KABUPATEN SUKABUMI,3202201,GUNUNGGURUH,3202201003,GUNUNG GURUH,32.02.27,GUNUNGGURUH,32.02.27.2002,GUNUNGGURUH,7,ANAK,2023
253,32,JAWA BARAT,3202,"KABUPATEN
  SUKABUMI",3202201,GUNUNGGURUH,3202201004,CIKUJANG,32.02.27,GUNUNGGURUH,32.02.27.2001,CIKUJANG,26,ANAK,2023
254,32,JAWA BARAT,3202,KABUPATEN SUKABUMI,3202201,GUNUNGGURUH,3202201005,CIBENTANG,32.02.27,GUNUNGGURUH,32.02.27.2003,CIBENTANG,8,ANAK,2023
255,32,JAWA BARAT,3202,"KABUPATEN
  SUKABUMI",3202201,GUNUNGGURUH,3202201006,CIBOLANG,32.02.27,GUNUNGGURUH,32.02.27.2006,CIBOLANG,11,ANAK,2023
256,32,JAWA BARAT,3202,KABUPATEN SUKABUMI,3202201,GUNUNGGURUH,3202201007,MANGKALAYA,32.02.27,GUNUNGGURUH,32.02.27.2007,MANGKALAYA,6,ANAK,2023
257,32,JAWA BARAT,3202,"KABUPATEN
  SUKABUMI",3202210,CIBADAK,3202210001,NEGLASARI,32.02.11,CIBADAK,32.02.11.2005,NEGLASARI,1,ANAK,2023
258,32,JAWA BARAT,3202,KABUPATEN SUKABUMI,3202210,CIBADAK,3202210002,TENJOJAYA,32.02.11,CIBADAK,32.02.11.2007,TENJOJAYA,7,ANAK,2023
259,32,JAWA BARAT,3202,"KABUPATEN
  SUKABUMI",3202210,CIBADAK,3202210003,SEKARWANGI,32.02.11,CIBADAK,32.02.11.2002,SEKARWANGI,2,ANAK,2023
260,32,JAWA BARAT,3202,KABUPATEN SUKABUMI,3202210,CIBADAK,3202210009,BATUNUNGGAL,32.02.11,CIBADAK,32.02.11.2010,BATUNUNGGAL,5,ANAK,2023
261,32,JAWA BARAT,3202,"KABUPATEN
  SUKABUMI",3202210,CIBADAK,3202210010,KARANGTENGAH,32.02.11,CIBADAK,32.02.11.2004,KARANGTENGAH,12,ANAK,2023
262,32,JAWA BARAT,3202,KABUPATEN SUKABUMI,3202210,CIBADAK,3202210011,CIBADAK,32.02.11,CIBADAK,32.02.11.1001,CIBADAK,15,ANAK,2023
263,32,JAWA BARAT,3202,"KABUPATEN
  SUKABUMI",3202210,CIBADAK,3202210012,WARNAJATI,32.02.11,CIBADAK,32.02.11.2006,WARNAJATI,4,ANAK,2023
264,32,JAWA BARAT,3202,KABUPATEN SUKABUMI,3202210,CIBADAK,3202210013,SUKASIRNA,32.02.11,CIBADAK,32.02.11.2009,SUKASIRNA,-,ANAK,2023
265,32,JAWA BARAT,3202,"KABUPATEN
  SUKABUMI",3202210,CIBADAK,3202210014,PAMURUYAN,32.02.11,CIBADAK,32.02.11.2003,PAMURUYAN,3,ANAK,2023
266,32,JAWA BARAT,3202,KABUPATEN SUKABUMI,3202210,CIBADAK,3202210015,CIHEULANG TONGGOH,32.02.11,CIBADAK,32.02.11.2008,CIHEULANG TONGGOH,14,ANAK,2023
267,32,JAWA BARAT,3202,"KABUPATEN
  SUKABUMI",3202211,CICANTAYAN,3202211001,HEGARMANAH,32.02.28,CICANTAYAN,32.02.28.2006,HEGARMANAH,6,ANAK,2023
268,32,JAWA BARAT,3202,KABUPATEN SUKABUMI,3202211,CICANTAYAN,3202211002,CICANTAYAN,32.02.28,CICANTAYAN,32.02.28.2001,CICANTAYAN,6,ANAK,2023
269,32,JAWA BARAT,3202,"KABUPATEN
  SUKABUMI",3202211,CICANTAYAN,3202211003,CIMAHI,32.02.28,CICANTAYAN,32.02.28.2005,CIMAHI,-,ANAK,2023
270,32,JAWA BARAT,3202,KABUPATEN SUKABUMI,3202211,CICANTAYAN,3202211004,CISANDE,32.02.28,CICANTAYAN,32.02.28.2004,CISANDE,1,ANAK,2023
271,32,JAWA BARAT,3202,"KABUPATEN
  SUKABUMI",3202211,CICANTAYAN,3202211005,CIJALINGAN,32.02.28,CICANTAYAN,32.02.28.2003,CIJALINGAN,5,ANAK,2023
272,32,JAWA BARAT,3202,KABUPATEN SUKABUMI,3202211,CICANTAYAN,3202211006,LEMBURSAWAH,32.02.28,CICANTAYAN,32.02.28.2002,LEMBURSAWAH,9,ANAK,2023
273,32,JAWA BARAT,3202,"KABUPATEN
  SUKABUMI",3202211,CICANTAYAN,3202211007,SUKADAMAI,32.02.28,CICANTAYAN,32.02.28.2007,SIKADAMAI,4,ANAK,2023
274,32,JAWA BARAT,3202,KABUPATEN SUKABUMI,3202211,CICANTAYAN,3202211008,CIMANGGIS,32.02.28,CICANTAYAN,32.02.28.2008,CIMANGGIS,6,ANAK,2023
275,32,JAWA BARAT,3202,"KABUPATEN
  SUKABUMI",3202212,CARINGIN,3202212001,CIJENGKOL,32.02.31,CARINGIN,32.02.31.2005,CIJENGKOL,8,ANAK,2023
276,32,JAWA BARAT,3202,KABUPATEN SUKABUMI,3202212,CARINGIN,3202212002,MEKARJAYA,32.02.31,CARINGIN,32.02.31.2006,MEKARJAYA,16,ANAK,2023
277,32,JAWA BARAT,3202,"KABUPATEN
  SUKABUMI",3202212,CARINGIN,3202212003,TALAGA,32.02.31,CARINGIN,32.02.31.2007,TALAGA,14,ANAK,2023
278,32,JAWA BARAT,3202,KABUPATEN SUKABUMI,3202212,CARINGIN,3202212004,CARINGIN KULON,32.02.31,CARINGIN,32.02.31.2003,CARINGIN KULON,2,ANAK,2023
279,32,JAWA BARAT,3202,"KABUPATEN
  SUKABUMI",3202212,CARINGIN,3202212005,CARINGIN WETAN,32.02.31,CARINGIN,32.02.31.2001,CARINGIN WETAN,5,ANAK,2023
280,32,JAWA BARAT,3202,KABUPATEN SUKABUMI,3202212,CARINGIN,3202212006,SEUSEUPAN,32.02.31,CARINGIN,32.02.31.2004,SEUSEUPAN,26,ANAK,2023
281,32,JAWA BARAT,3202,"KABUPATEN
  SUKABUMI",3202212,CARINGIN,3202212007,SUKAMULYA,32.02.31,CARINGIN,32.02.31.2002,SUKAMULYA,10,ANAK,2023
282,32,JAWA BARAT,3202,KABUPATEN SUKABUMI,3202212,CARINGIN,3202212008,CIKEMBANG,32.02.31,CARINGIN,32.02.31.2008,CIKEMBANG,14,ANAK,2023
283,32,JAWA BARAT,3202,"KABUPATEN
  SUKABUMI",3202212,CARINGIN,3202212009,"PASIRDATAR
  INDAH",32.02.31,CARINGIN,32.02.31.2009,"PASIR DATAR
  INDAH",6,ANAK,2023
284,32,JAWA BARAT,3202,KABUPATEN SUKABUMI,3202220,NAGRAK,3202220001,CISARUA,32.02.12,NAGRAK,32.02.12.2004,CISARUA,10,ANAK,2023
285,32,JAWA BARAT,3202,"KABUPATEN
  SUKABUMI",3202220,NAGRAK,3202220002,BALEKAMBANG,32.02.12,NAGRAK,32.02.12.2009,BALEKAMBANG,9,ANAK,2023
286,32,JAWA BARAT,3202,KABUPATEN SUKABUMI,3202220,NAGRAK,3202220003,NAGRAK SELATAN,32.02.12,NAGRAK,32.02.12.2013,NAGRAK SELATAN,1,ANAK,2023
287,32,JAWA BARAT,3202,"KABUPATEN
  SUKABUMI",3202220,NAGRAK,3202220004,NAGRAK UTARA,32.02.12,NAGRAK,32.02.12.2003,NAGRAK UTARA,4,ANAK,2023
288,32,JAWA BARAT,3202,KABUPATEN SUKABUMI,3202220,NAGRAK,3202220005,KALAPAREA,32.02.12,NAGRAK,32.02.12.2001,KALAPAREA,16,ANAK,2023
289,32,JAWA BARAT,3202,"KABUPATEN
  SUKABUMI",3202220,NAGRAK,3202220006,DARMAREJA,32.02.12,NAGRAK,32.02.12.2011,DARMAREJA,4,ANAK,2023
290,32,JAWA BARAT,3202,KABUPATEN SUKABUMI,3202220,NAGRAK,3202220007,GIRIJAYA,32.02.12,NAGRAK,32.02.12.2014,GIRIJAYA,15,ANAK,2023
291,32,JAWA BARAT,3202,"KABUPATEN
  SUKABUMI",3202220,NAGRAK,3202220008,BABAKAN PANJANG,32.02.12,NAGRAK,32.02.12.2010,BABAKAN PANJANG,7,ANAK,2023
292,32,JAWA BARAT,3202,KABUPATEN SUKABUMI,3202220,NAGRAK,3202220009,PAWENANG,32.02.12,NAGRAK,32.02.12.2002,PAWENANG,3,ANAK,2023
293,32,JAWA BARAT,3202,"KABUPATEN
  SUKABUMI",3202220,NAGRAK,3202220010,CIHANYAWAR,32.02.12,NAGRAK,32.02.12.2012,CIHANYAWAR,3,ANAK,2023
294,32,JAWA BARAT,3202,KABUPATEN SUKABUMI,3202221,CIAMBAR,3202221001,MUNJUL,32.02.47,CIAMBAR,32.02.47.2004,MUNJUL,3,ANAK,2023
295,32,JAWA BARAT,3202,"KABUPATEN
  SUKABUMI",3202221,CIAMBAR,3202221002,CIAMBAR,32.02.47,CIAMBAR,32.02.47.2001,CIAMBAR,5,ANAK,2023
296,32,JAWA BARAT,3202,KABUPATEN SUKABUMI,3202221,CIAMBAR,3202221003,GINANJAR,32.02.47,CIAMBAR,32.02.47.2002,GINANJAR,7,ANAK,2023
297,32,JAWA BARAT,3202,"KABUPATEN
  SUKABUMI",3202221,CIAMBAR,3202221004,WANGUNJAYA,32.02.47,CIAMBAR,32.02.47.2003,WANGUNJAYA,8,ANAK,2023
298,32,JAWA BARAT,3202,KABUPATEN SUKABUMI,3202221,CIAMBAR,3202221005,CIBUNARJAYA,32.02.47,CIAMBAR,32.02.47.2006,CIBUNARJAYA,9,ANAK,2023
299,32,JAWA BARAT,3202,"KABUPATEN
  SUKABUMI",3202221,CIAMBAR,3202221006,AMBARJAYA,32.02.47,CIAMBAR,32.02.47.2005,AMBARJAYA,8,ANAK,2023
300,32,JAWA BARAT,3202,KABUPATEN SUKABUMI,3202230,CICURUG,3202230001,MEKARSARI,32.02.16,CICURUG,32.02.16.2011,MEKARSARI,18,ANAK,2023
301,32,JAWA BARAT,3202,"KABUPATEN
  SUKABUMI",3202230,CICURUG,3202230002,NYANGKOWEK,32.02.16,CICURUG,32.02.16.2002,NYANGKOWEK,4,ANAK,2023
302,32,JAWA BARAT,3202,KABUPATEN SUKABUMI,3202230,CICURUG,3202230003,PURWASARI,32.02.16,CICURUG,32.02.16.2007,PURWASARI,2,ANAK,2023
303,32,JAWA BARAT,3202,"KABUPATEN
  SUKABUMI",3202230,CICURUG,3202230004,CARINGIN,32.02.16,CICURUG,32.02.16.2008,CARINGIN,6,ANAK,2023
304,32,JAWA BARAT,3202,KABUPATEN SUKABUMI,3202230,CICURUG,3202230005,BANGBAYANG,32.02.16,CICURUG,32.02.16.2012,BANGBAYANG,5,ANAK,2023
305,32,JAWA BARAT,3202,"KABUPATEN
  SUKABUMI",3202230,CICURUG,3202230006,CISAAT,32.02.16,CICURUG,32.02.16.2006,CISAAT,11,ANAK,2023
306,32,JAWA BARAT,3202,KABUPATEN SUKABUMI,3202230,CICURUG,3202230007,TENJOLAYA,32.02.16,CICURUG,32.02.16.2003,TENJOLAYA,-,ANAK,2023
307,32,JAWA BARAT,3202,"KABUPATEN
  SUKABUMI",3202230,CICURUG,3202230008,PASAWAHAN,32.02.16,CICURUG,32.02.16.2005,PASAWAHAN,5,ANAK,2023
308,32,JAWA BARAT,3202,KABUPATEN SUKABUMI,3202230,CICURUG,3202230009,CICURUG,32.02.16,CICURUG,32.02.16.1001,CICURUG,2,ANAK,2023
309,32,JAWA BARAT,3202,"KABUPATEN
  SUKABUMI",3202230,CICURUG,3202230010,NANGGERANG,32.02.16,CICURUG,32.02.16.2013,NANGGERANG,3,ANAK,2023
310,32,JAWA BARAT,3202,KABUPATEN SUKABUMI,3202230,CICURUG,3202230011,TENJOAYU,32.02.16,CICURUG,32.02.16.2009,TENJOAYU,6,ANAK,2023
311,32,JAWA BARAT,3202,"KABUPATEN
  SUKABUMI",3202230,CICURUG,3202230012,BENDA,32.02.16,CICURUG,32.02.16.2004,BENDA,18,ANAK,2023
312,32,JAWA BARAT,3202,KABUPATEN SUKABUMI,3202230,CICURUG,3202230013,KUTAJAYA,32.02.16,CICURUG,32.02.16.2010,KUTAJAYA,5,ANAK,2023
313,32,JAWA BARAT,3202,"KABUPATEN
  SUKABUMI",3202240,CIDAHU,3202240001,"PONDOK KASO
  TENGAH",32.02.17,CIDAHU,32.02.17.2003,"PONDOKASO
  TENGAH",13,ANAK,2023
314,32,JAWA BARAT,3202,KABUPATEN SUKABUMI,3202240,CIDAHU,3202240002,PASIRDOTON,32.02.17,CIDAHU,32.02.17.2008,PASIRDOTON,15,ANAK,2023
315,32,JAWA BARAT,3202,"KABUPATEN
  SUKABUMI",3202240,CIDAHU,3202240003,"PONDOK KASO
  TONGGOH",32.02.17,CIDAHU,32.02.17.2001,"PONDOKASO
  TONGGOH",14,ANAK,2023
316,32,JAWA BARAT,3202,KABUPATEN SUKABUMI,3202240,CIDAHU,3202240004,BABAKAN PARI,32.02.17,CIDAHU,32.02.17.2002,BABAKANPARI,16,ANAK,2023
317,32,JAWA BARAT,3202,"KABUPATEN
  SUKABUMI",3202240,CIDAHU,3202240005,TANGKIL,32.02.17,CIDAHU,32.02.17.2005,TANGKIL,19,ANAK,2023
318,32,JAWA BARAT,3202,KABUPATEN SUKABUMI,3202240,CIDAHU,3202240006,JAYABAKTI,32.02.17,CIDAHU,32.02.17.2006,JAYABAKTI,18,ANAK,2023
319,32,JAWA BARAT,3202,"KABUPATEN
  SUKABUMI",3202240,CIDAHU,3202240007,CIDAHU,32.02.17,CIDAHU,32.02.17.2004,CIDAHU,26,ANAK,2023
320,32,JAWA BARAT,3202,KABUPATEN SUKABUMI,3202240,CIDAHU,3202240008,GIRIJAYA,32.02.17,CIDAHU,32.02.17.2007,GIRIJAYA,25,ANAK,2023
321,32,JAWA BARAT,3202,"KABUPATEN
  SUKABUMI",3202250,PARAKAN SALAK,3202250001,SUKATANI,32.02.15,PARAKANSALAK,32.02.15.2004,SUKATANI,-,ANAK,2023
322,32,JAWA BARAT,3202,KABUPATEN SUKABUMI,3202250,PARAKAN SALAK,3202250002,SUKAKERSA,32.02.15,PARAKANSALAK,32.02.15.2003,SUKAKERSA,12,ANAK,2023
323,32,JAWA BARAT,3202,"KABUPATEN
  SUKABUMI",3202250,PARAKAN SALAK,3202250003,BOJONGLONGOK,32.02.15,PARAKANSALAK,32.02.15.2002,BOJONG LONGOK,3,ANAK,2023
324,32,JAWA BARAT,3202,KABUPATEN SUKABUMI,3202250,PARAKAN SALAK,3202250004,BOJONGASIH,32.02.15,PARAKANSALAK,32.02.15.2005,BOJONGASIH,18,ANAK,2023
325,32,JAWA BARAT,3202,"KABUPATEN
  SUKABUMI",3202250,PARAKAN SALAK,3202250005,LEBAKSARI,32.02.15,PARAKANSALAK,32.02.15.2006,LEBAKSARI,7,ANAK,2023
326,32,JAWA BARAT,3202,KABUPATEN SUKABUMI,3202250,PARAKAN SALAK,3202250006,PARAKANSALAK,32.02.15,PARAKANSALAK,32.02.15.2001,PARAKAN SALAK,5,ANAK,2023
327,32,JAWA BARAT,3202,"KABUPATEN
  SUKABUMI",3202260,PARUNG KUDA,3202260002,PALASARI HILIR,32.02.13,PARUNGKUDA,32.02.13.2002,PALASARI HILIR,3,ANAK,2023
328,32,JAWA BARAT,3202,KABUPATEN SUKABUMI,3202260,PARUNG KUDA,3202260003,SUNDAWENANG,32.02.13,PARUNGKUDA,32.02.13.2005,SUNDAWENANG,16,ANAK,2023
329,32,JAWA BARAT,3202,"KABUPATEN
  SUKABUMI",3202260,PARUNG KUDA,3202260004,PARUNGKUDA,32.02.13,PARUNGKUDA,32.02.13.2001,PARUNGKUDA,1,ANAK,2023
330,32,JAWA BARAT,3202,KABUPATEN SUKABUMI,3202260,PARUNG KUDA,3202260008,LANGENSARI,32.02.13,PARUNGKUDA,32.02.13.2007,LANGENSARI,1,ANAK,2023
331,32,JAWA BARAT,3202,"KABUPATEN
  SUKABUMI",3202260,PARUNG KUDA,3202260009,BOJONG KOKOSAN,32.02.13,PARUNGKUDA,32.02.13.2006,BOJONGKOKOSAN,2,ANAK,2023
332,32,JAWA BARAT,3202,KABUPATEN SUKABUMI,3202260,PARUNG KUDA,3202260010,KOMPA,32.02.13,PARUNGKUDA,32.02.13.2003,KOMPA,5,ANAK,2023
333,32,JAWA BARAT,3202,"KABUPATEN
  SUKABUMI",3202260,PARUNG KUDA,3202260011,"PONDOK KASO
  LANDEUH",32.02.13,PARUNGKUDA,32.02.13.2004,"PONDOKKASO
  LANDEUH",6,ANAK,2023
334,32,JAWA BARAT,3202,KABUPATEN SUKABUMI,3202260,PARUNG KUDA,3202260012,BABAKANJAYA,32.02.13,PARUNGKUDA,32.02.13.2008,BABAKANJAYA,-,ANAK,2023
335,32,JAWA BARAT,3202,"KABUPATEN
  SUKABUMI",3202261,BOJONG GENTENG,3202261001,BEREKAH,32.02.14,BOJONGGENTENG,32.02.14.2003,BEREKAH,-,ANAK,2023
336,32,JAWA BARAT,3202,KABUPATEN SUKABUMI,3202261,BOJONG GENTENG,3202261002,BOJONG GENTENG,32.02.14,BOJONGGENTENG,32.02.14.2001,BOJONGGENTENG,1,ANAK,2023
337,32,JAWA BARAT,3202,"KABUPATEN
  SUKABUMI",3202261,BOJONG GENTENG,3202261003,BOJONG GALING,32.02.14,BOJONGGENTENG,32.02.14.2005,BOJONGGALING,1,ANAK,2023
338,32,JAWA BARAT,3202,KABUPATEN SUKABUMI,3202261,BOJONG GENTENG,3202261004,CIBODAS,32.02.14,BOJONGGENTENG,32.02.14.2002,CIBODAS,7,ANAK,2023
339,32,JAWA BARAT,3202,"KABUPATEN
  SUKABUMI",3202261,BOJONG GENTENG,3202261005,CIPANENGAH,32.02.14,BOJONGGENTENG,32.02.14.2004,CIPANENGAH,-,ANAK,2023
340,32,JAWA BARAT,3202,KABUPATEN SUKABUMI,3202270,KALAPA NUNGGAL,3202270001,WALANGSARI,32.02.18,KALAPANUNGGAL,32.02.18.2006,WALANG SARI,5,ANAK,2023
341,32,JAWA BARAT,3202,"KABUPATEN
  SUKABUMI",3202270,KALAPA NUNGGAL,3202270002,PALASARI GIRANG,32.02.18,KALAPANUNGGAL,32.02.18.2002,PALASARI GIRANG,13,ANAK,2023
342,32,JAWA BARAT,3202,KABUPATEN SUKABUMI,3202270,KALAPA NUNGGAL,3202270003,KALAPANUNGGAL,32.02.18,KALAPANUNGGAL,32.02.18.2001,KALAPANUNGGAL,3,ANAK,2023
343,32,JAWA BARAT,3202,"KABUPATEN
  SUKABUMI",3202270,KALAPA NUNGGAL,3202270004,KADUNUNGGAL,32.02.18,KALAPANUNGGAL,32.02.18.2005,KADUNUNGGAL,6,ANAK,2023
344,32,JAWA BARAT,3202,KABUPATEN SUKABUMI,3202270,KALAPA NUNGGAL,3202270005,MAKASARI,32.02.18,KALAPANUNGGAL,32.02.18.2004,MAKASARI,12,ANAK,2023
345,32,JAWA BARAT,3202,"KABUPATEN
  SUKABUMI",3202270,KALAPA NUNGGAL,3202270006,GUNUNG ENDUT,32.02.18,KALAPANUNGGAL,32.02.18.2007,GUNUNGENDUT,8,ANAK,2023
346,32,JAWA BARAT,3202,KABUPATEN SUKABUMI,3202270,KALAPA NUNGGAL,3202270007,PULOSARI,32.02.18,KALAPANUNGGAL,32.02.18.2003,PULOSARI,16,ANAK,2023
347,32,JAWA BARAT,3202,"KABUPATEN
  SUKABUMI",3202280,CIKIDANG,3202280001,SAMPORA,32.02.06,CIKIDANG,32.02.06.2008,SAMPORA,3,ANAK,2023
348,32,JAWA BARAT,3202,KABUPATEN SUKABUMI,3202280,CIKIDANG,3202280002,CIJAMBE,32.02.06,CIKIDANG,32.02.06.2011,CIJAMBE,5,ANAK,2023
349,32,JAWA BARAT,3202,"KABUPATEN
  SUKABUMI",3202280,CIKIDANG,3202280003,CIKIRAY,32.02.06,CIKIDANG,32.02.06.2002,CIKIRAY,4,ANAK,2023
350,32,JAWA BARAT,3202,KABUPATEN SUKABUMI,3202280,CIKIDANG,3202280004,MEKARNANGKA,32.02.06,CIKIDANG,32.02.06.2010,MEKARNANGKA,3,ANAK,2023
351,32,JAWA BARAT,3202,"KABUPATEN
  SUKABUMI",3202280,CIKIDANG,3202280005,CIKIDANG,32.02.06,CIKIDANG,32.02.06.2001,CIKIDANG,2,ANAK,2023
352,32,JAWA BARAT,3202,KABUPATEN SUKABUMI,3202280,CIKIDANG,3202280006,GUNUNG MALANG,32.02.06,CIKIDANG,32.02.06.2003,GUNUNGMALANG,2,ANAK,2023
353,32,JAWA BARAT,3202,"KABUPATEN
  SUKABUMI",3202280,CIKIDANG,3202280007,NANGKAKONENG,32.02.06,CIKIDANG,32.02.06.2009,NANGKAKONENG,-,ANAK,2023
354,32,JAWA BARAT,3202,KABUPATEN SUKABUMI,3202280,CIKIDANG,3202280008,PANGKALAN,32.02.06,CIKIDANG,32.02.06.2004,PANGKALAN,2,ANAK,2023
355,32,JAWA BARAT,3202,"KABUPATEN
  SUKABUMI",3202280,CIKIDANG,3202280009,BUMISARI,32.02.06,CIKIDANG,32.02.06.2007,BUMI SARI,6,ANAK,2023
356,32,JAWA BARAT,3202,KABUPATEN SUKABUMI,3202280,CIKIDANG,3202280010,CICAREUH,32.02.06,CIKIDANG,32.02.06.2005,CICAREUH,1,ANAK,2023
357,32,JAWA BARAT,3202,"KABUPATEN
  SUKABUMI",3202280,CIKIDANG,3202280011,TAMANSARI,32.02.06,CIKIDANG,32.02.06.2006,TAMAN SARI,2,ANAK,2023
358,32,JAWA BARAT,3202,KABUPATEN SUKABUMI,3202280,CIKIDANG,3202280012,CIKARAE THOYIBAH,32.02.06,CIKIDANG,32.02.06.2012,CIKARAE THOYYIBAH,-,ANAK,2023
359,32,JAWA BARAT,3202,"KABUPATEN
  SUKABUMI",3202290,CISOLOK,3202290001,PASIRBARU,32.02.05,CISOLOK,32.02.05.2002,PASIR BARU,7,ANAK,2023
360,32,JAWA BARAT,3202,KABUPATEN SUKABUMI,3202290,CISOLOK,3202290002,CIKAHURIPAN,32.02.05,CISOLOK,32.02.05.2003,CIKAHURIPAN,7,ANAK,2023
361,32,JAWA BARAT,3202,"KABUPATEN
  SUKABUMI",3202290,CISOLOK,3202290003,CISOLOK,32.02.05,CISOLOK,32.02.05.2001,CISOLOK,6,ANAK,2023
362,32,JAWA BARAT,3202,KABUPATEN SUKABUMI,3202290,CISOLOK,3202290004,KARANGPAPAK,32.02.05,CISOLOK,32.02.05.2008,KARANGPAPAK,16,ANAK,2023
363,32,JAWA BARAT,3202,"KABUPATEN
  SUKABUMI",3202290,CISOLOK,3202290012,SIRNARESMI,32.02.05,CISOLOK,32.02.05.2009,SIRNARESMI,1,ANAK,2023
364,32,JAWA BARAT,3202,KABUPATEN SUKABUMI,3202290,CISOLOK,3202290013,CICADAS,32.02.05,CISOLOK,32.02.05.2010,CICADAS,2,ANAK,2023
365,32,JAWA BARAT,3202,"KABUPATEN
  SUKABUMI",3202290,CISOLOK,3202290014,CIKELAT,32.02.05,CISOLOK,32.02.05.2004,CIKELAT,2,ANAK,2023
366,32,JAWA BARAT,3202,KABUPATEN SUKABUMI,3202290,CISOLOK,3202290015,GUNUNG KRAMAT,32.02.05,CISOLOK,32.02.05.2006,GUNUNGKARAMAT,5,ANAK,2023
367,32,JAWA BARAT,3202,"KABUPATEN
  SUKABUMI",3202290,CISOLOK,3202290016,GUNUNG TANJUNG,32.02.05,CISOLOK,32.02.05.2007,GUNUNGTANJUNG,-,ANAK,2023
368,32,JAWA BARAT,3202,KABUPATEN SUKABUMI,3202290,CISOLOK,3202290017,CARINGIN,32.02.05,CISOLOK,32.02.05.2005,CARINGIN,3,ANAK,2023
369,32,JAWA BARAT,3202,"KABUPATEN
  SUKABUMI",3202290,CISOLOK,3202290018,SUKARAME,32.02.05,CISOLOK,32.02.05.2013,SUKARAME,1,ANAK,2023
370,32,JAWA BARAT,3202,KABUPATEN SUKABUMI,3202290,CISOLOK,3202290019,WANGUNSARI,32.02.05,CISOLOK,32.02.05.2012,WANGUNSARI,3,ANAK,2023
371,32,JAWA BARAT,3202,"KABUPATEN
  SUKABUMI",3202290,CISOLOK,3202290020,WANAJAYA,32.02.05,CISOLOK,32.02.05.2011,WANAJAYA,6,ANAK,2023
372,32,JAWA BARAT,3202,KABUPATEN SUKABUMI,3202291,CIKAKAK,3202291001,CIMAJA,32.02.03,CIKAKAK,32.02.03.2002,CIMAJA,6,ANAK,2023
373,32,JAWA BARAT,3202,"KABUPATEN
  SUKABUMI",3202291,CIKAKAK,3202291002,CIKAKAK,32.02.03,CIKAKAK,32.02.03.2001,CIKAKAK,4,ANAK,2023
374,32,JAWA BARAT,3202,KABUPATEN SUKABUMI,3202291,CIKAKAK,3202291003,SUKAMAJU,32.02.03,CIKAKAK,32.02.03.2004,SUKAMAJU,1,ANAK,2023
375,32,JAWA BARAT,3202,"KABUPATEN
  SUKABUMI",3202291,CIKAKAK,3202291004,CILEUNGSING,32.02.03,CIKAKAK,32.02.03.2005,CILEUNGSING,4,ANAK,2023
376,32,JAWA BARAT,3202,KABUPATEN SUKABUMI,3202291,CIKAKAK,3202291005,RIDOGALIH,32.02.03,CIKAKAK,32.02.03.2003,RIDOGALIH,-,ANAK,2023
377,32,JAWA BARAT,3202,"KABUPATEN
  SUKABUMI",3202291,CIKAKAK,3202291006,MARGALAKSANA,32.02.03,CIKAKAK,32.02.03.2006,MARGALAKSANA,-,ANAK,2023
378,32,JAWA BARAT,3202,KABUPATEN SUKABUMI,3202291,CIKAKAK,3202291007,SIRNARASA,32.02.03,CIKAKAK,32.02.03.2007,SIRNARASA,-,ANAK,2023
379,32,JAWA BARAT,3202,"KABUPATEN
  SUKABUMI",3202291,CIKAKAK,3202291008,GANDASOLI,32.02.03,CIKAKAK,32.02.03.2008,GANDASOLI,2,ANAK,2023
380,32,JAWA BARAT,3202,KABUPATEN SUKABUMI,3202291,CIKAKAK,3202291009,CIRENDANG,32.02.03,CIKAKAK,32.02.03.2009,CIRENDANG,4,ANAK,2023
381,32,JAWA BARAT,3202,"KABUPATEN
  SUKABUMI",3202300,KABANDUNGAN,3202300001,MEKARJAYA,32.02.19,KABANDUNGAN,32.02.19.2005,MEKARJAYA,28,ANAK,2023
382,32,JAWA BARAT,3202,KABUPATEN SUKABUMI,3202300,KABANDUNGAN,3202300002,TUGUBANDUNG,32.02.19,KABANDUNGAN,32.02.19.2004,TUGUBANDUNG,23,ANAK,2023
383,32,JAWA BARAT,3202,"KABUPATEN
  SUKABUMI",3202300,KABANDUNGAN,3202300003,KABANDUNGAN,32.02.19,KABANDUNGAN,32.02.19.2001,KABANDUNGAN,41,ANAK,2023
384,32,JAWA BARAT,3202,KABUPATEN SUKABUMI,3202300,KABANDUNGAN,3202300004,CIPEUTEUY,32.02.19,KABANDUNGAN,32.02.19.2002,CIPEUTEUY,37,ANAK,2023
385,32,JAWA BARAT,3202,"KABUPATEN
  SUKABUMI",3202300,KABANDUNGAN,3202300005,CIHAMERANG,32.02.19,KABANDUNGAN,32.02.19.2003,CIHAMERANG,1,ANAK,2023
386,32,JAWA BARAT,3202,KABUPATEN SUKABUMI,3202300,KABANDUNGAN,3202300006,CIANAGA,32.02.19,KABANDUNGAN,32.02.19.2006,CIANAGA,30,ANAK,2023
